Meme,Data,Mes,Confiança,Coragem,Bondade,Justiça,Humildade,Gratidão,Família
IMG-20200315-WA0019.jpg,2020-03-15,março,1,1,0,0,0,0,1
IMG-20200315-WA0027.jpg,2020-03-15,março,1,0,0,0,0,0,0
IMG-20200315-WA0042.jpg,2020-03-15,março,1,1,0,0,0,0,0
IMG-20200316-WA0016.jpg,2020-03-16,março,0,0,0,0,0,0,0
IMG-20200316-WA0024.jpg,2020-03-16,março,0,0,1,0,0,0,0
IMG-20200316-WA0053.jpg,2020-03-16,março,0,0,0,0,0,0,0
IMG-20200316-WA0142.jpg,2020-03-16,março,0,0,0,0,0,0,0
IMG-20200316-WA0209.jpg,2020-03-16,março,0,0,0,0,0,0,0
IMG-20200317-WA0031.jpg,2020-03-17,março,0,1,0,0,0,0,0
IMG-20200317-WA0037.jpg,2020-03-17,março,1,0,0,0,0,0,0
IMG-20200317-WA0066.jpg,2020-03-17,março,1,0,0,0,0,0,0
IMG-20200317-WA0070.jpg,2020-03-17,março,0,0,0,0,0,0,0
IMG-20200317-WA0076.jpg,2020-03-17,março,1,0,0,0,0,1,0
IMG-20200318-WA0043.jpg,2020-03-18,março,0,0,0,0,0,1,0
IMG-20200318-WA0057.jpg,2020-03-18,março,1,0,0,0,0,0,1
IMG-20200318-WA0146.jpg,2020-03-18,março,0,0,0,0,0,0,0
IMG-20200318-WA0360.jpg,2020-03-18,março,0,0,0,0,0,1,0
IMG-20200318-WA0626.jpg,2020-03-18,março,0,1,0,0,0,0,0
IMG-20200319-WA0038.jpg,2020-03-19,março,1,0,0,0,0,1,1
IMG-20200319-WA0049.jpg,2020-03-19,março,0,1,0,0,0,0,0
IMG-20200319-WA0053.jpg,2020-03-19,março,0,1,0,0,0,0,0
IMG-20200319-WA0070.jpg,2020-03-19,março,1,0,0,0,0,0,0
IMG-20200319-WA0149.jpg,2020-03-19,março,0,0,0,0,0,0,0
IMG-20200320-WA0018.jpg,2020-03-20,março,1,0,0,0,0,0,0
IMG-20200320-WA0111.jpg,2020-03-20,março,1,0,0,0,0,0,0
IMG-20200320-WA0223.jpg,2020-03-20,março,0,0,0,0,0,0,0
IMG-20200321-WA0112.jpg,2020-03-21,março,1,1,0,0,0,1,0
IMG-20200321-WA0149.jpg,2020-03-21,março,0,0,0,0,0,0,0
IMG-20200321-WA0441.jpg,2020-03-21,março,0,0,0,0,0,0,0
IMG-20200322-WA0056.jpg,2020-03-22,março,0,0,0,0,0,0,0
IMG-20200322-WA0208.jpg,2020-03-22,março,1,0,0,0,0,0,0
IMG-20200322-WA0345.jpg,2020-03-22,março,1,0,0,0,0,0,1
IMG-20200324-WA0043.jpg,2020-03-24,março,0,0,0,0,0,0,0
IMG-20200324-WA0109.jpg,2020-03-24,março,0,0,0,0,0,0,0
IMG-20200324-WA0112.jpg,2020-03-24,março,1,0,0,0,0,0,0
IMG-20200324-WA0211.jpg,2020-03-24,março,0,0,0,0,0,0,0
IMG-20200325-WA0090.jpg,2020-03-25,março,0,0,0,0,0,0,0
IMG-20200325-WA0199.jpg,2020-03-25,março,1,0,0,0,0,0,0
IMG-20200325-WA0239.jpg,2020-03-25,março,0,0,0,0,0,0,0
IMG-20200325-WA0400.jpg,2020-03-25,março,1,0,0,0,0,0,0
IMG-20200326-WA0056.jpg,2020-03-26,março,1,0,0,0,0,0,0
IMG-20200326-WA0064.jpg,2020-03-26,março,1,0,0,0,0,0,0
IMG-20200326-WA0180.jpg,2020-03-26,março,0,0,0,0,0,0,0
IMG-20200326-WA0305.jpg,2020-03-26,março,0,0,0,0,0,0,1
IMG-20200327-WA0058.jpg,2020-03-27,março,1,1,0,0,0,0,0
IMG-20200327-WA0082.jpg,2020-03-27,março,0,1,0,0,0,0,0
IMG-20200327-WA0088.jpg,2020-03-27,março,0,0,0,0,0,0,0
IMG-20200327-WA0095.jpg,2020-03-27,março,0,1,0,0,0,0,0
IMG-20200328-WA0052.jpg,2020-03-28,março,0,0,1,0,0,0,0
IMG-20200328-WA0126.jpg,2020-03-28,março,0,0,0,0,0,0,0
IMG-20200328-WA0151.jpg,2020-03-28,março,1,0,0,0,0,0,0
IMG-20200328-WA0200.jpg,2020-03-28,março,0,1,0,0,0,0,0
IMG-20200328-WA0347.jpg,2020-03-28,março,0,0,0,0,0,1,1
IMG-20200329-WA0045.jpg,2020-03-29,março,0,0,0,0,0,0,1
IMG-20200329-WA0058.jpg,2020-03-29,março,0,0,0,0,0,0,0
IMG-20200329-WA0198.jpg,2020-03-29,março,1,0,0,0,0,0,0
IMG-20200331-WA0061.jpg,2020-03-31,março,0,0,0,0,0,0,0
IMG-20200331-WA0062.jpg,2020-03-31,março,0,0,0,0,0,0,0
IMG-20200401-WA0080.jpg,2020-04-01,abril,1,1,0,0,0,1,0
IMG-20200402-WA0021.jpg,2020-04-02,abril,0,0,1,0,0,0,0
IMG-20200402-WA0227.jpg,2020-04-02,abril,1,0,0,0,0,0,0
IMG-20200403-WA0358.jpg,2020-04-03,abril,0,0,0,0,0,0,0
IMG-20200404-WA0035.jpg,2020-04-04,abril,0,0,0,0,0,0,0
IMG-20200404-WA0036.jpg,2020-04-04,abril,1,0,0,0,0,0,0
IMG-20200404-WA0039.jpg,2020-04-04,abril,1,0,0,0,0,0,0
IMG-20200404-WA0146.jpg,2020-04-04,abril,0,0,0,0,0,0,0
IMG-20200405-WA0035.jpg,2020-04-05,abril,0,0,0,0,0,0,0
IMG-20200406-WA0052.jpg,2020-04-06,abril,0,0,0,0,0,0,0
IMG-20200406-WA0275.jpg,2020-04-06,abril,1,0,0,0,0,0,0
IMG-20200407-WA0045.jpg,2020-04-07,abril,1,1,0,0,0,0,0
IMG-20200408-WA0142.jpg,2020-04-08,abril,1,0,0,0,0,0,1
IMG-20200408-WA0146.jpg,2020-04-08,abril,0,0,0,0,0,0,0
IMG-20200408-WA0316.jpg,2020-04-08,abril,0,0,0,0,0,0,0
IMG-20200408-WA0323.jpg,2020-04-08,abril,0,0,0,0,0,0,0
IMG-20200409-WA0025.jpg,2020-04-09,abril,0,0,1,0,0,0,0
IMG-20200409-WA0080.jpg,2020-04-09,abril,0,0,0,0,0,1,1
IMG-20200409-WA0246.jpg,2020-04-09,abril,0,0,0,0,0,0,0
IMG-20200410-WA0009.jpg,2020-04-10,abril,0,0,0,0,0,0,0
IMG-20200410-WA0043.jpg,2020-04-10,abril,0,0,0,0,0,0,1
IMG-20200410-WA0091.jpg,2020-04-10,abril,0,1,0,0,0,0,0
IMG-20200411-WA0021.jpg,2020-04-11,abril,0,0,0,0,0,0,0
IMG-20200411-WA0035.jpg,2020-04-11,abril,0,0,0,0,0,0,0
IMG-20200412-WA0105.jpg,2020-04-12,abril,0,0,0,0,0,1,0
IMG-20200414-WA0057.jpg,2020-04-14,abril,1,0,0,0,0,0,0
IMG-20200414-WA0072.jpg,2020-04-14,abril,1,0,0,0,0,0,0
IMG-20200415-WA0077.jpg,2020-04-15,abril,0,0,0,0,0,0,0
IMG-20200415-WA0112.jpg,2020-04-15,abril,1,0,0,0,0,0,0
IMG-20200415-WA0137.jpg,2020-04-15,abril,0,0,0,0,1,0,0
IMG-20200416-WA0179.jpg,2020-04-16,abril,1,0,0,0,0,1,0
IMG-20200417-WA0118.jpg,2020-04-17,abril,0,0,1,0,0,0,0
IMG-20200417-WA0140.jpg,2020-04-17,abril,1,0,0,0,0,0,0
IMG-20200418-WA0098.jpg,2020-04-18,abril,0,0,0,0,0,1,0
IMG-20200419-WA0121.jpg,2020-04-19,abril,0,0,0,0,0,0,0
IMG-20200420-WA0060.jpg,2020-04-20,abril,1,0,0,0,0,1,0
IMG-20200422-WA0058.jpg,2020-04-22,abril,1,0,0,0,0,0,0
IMG-20200422-WA0066.jpg,2020-04-22,abril,0,0,0,0,0,0,0
IMG-20200422-WA0088.jpg,2020-04-22,abril,1,1,0,0,0,0,0
IMG-20200422-WA0107.jpg,2020-04-22,abril,0,1,0,0,0,1,0
IMG-20200423-WA0040.jpg,2020-04-23,abril,1,1,0,0,0,0,0
IMG-20200423-WA0059.jpg,2020-04-23,abril,0,0,0,0,0,0,0
IMG-20200423-WA0073.jpg,2020-04-23,abril,0,0,0,0,0,0,1
IMG-20200424-WA0059.jpg,2020-04-24,abril,1,0,0,0,0,0,0
IMG-20200424-WA0093.jpg,2020-04-24,abril,1,0,0,0,0,0,0
IMG-20200426-WA0109.jpg,2020-04-26,abril,1,0,0,0,0,0,0
IMG-20200426-WA0119.jpg,2020-04-26,abril,1,0,0,0,0,0,0
IMG-20200426-WA1057.jpg,2020-04-26,abril,1,0,0,0,0,0,0
IMG-20200427-WA0198.jpg,2020-04-27,abril,0,0,0,0,0,0,0
IMG-20200428-WA0053.jpg,2020-04-28,abril,1,0,0,0,0,0,0
IMG-20200429-WA0149.jpg,2020-04-29,abril,1,0,0,0,0,0,0
IMG-20200430-WA0082.jpg,2020-04-30,abril,1,0,0,0,0,0,0
IMG-20200430-WA0085.jpg,2020-04-30,abril,0,0,0,0,0,0,0
IMG-20200503-WA0122.jpg,2020-05-03,maio,0,0,0,0,0,0,0
IMG-20200504-WA0051.jpg,2020-05-04,maio,0,1,0,0,0,0,0
IMG-20200505-WA0288.jpg,2020-05-05,maio,1,0,0,0,0,0,1
IMG-20200506-WA0024.jpg,2020-05-06,maio,0,0,0,0,0,0,0
IMG-20200506-WA0387.jpg,2020-05-06,maio,0,0,0,0,0,1,0
IMG-20200507-WA0025.jpg,2020-05-07,maio,1,0,0,0,0,0,0
IMG-20200507-WA0350.jpg,2020-05-07,maio,1,0,0,0,0,0,0
IMG-20200510-WA0106.jpg,2020-05-10,maio,0,0,0,0,0,0,1
IMG-20200511-WA0033.jpg,2020-05-11,maio,1,1,0,0,0,0,0
IMG-20200511-WA0252.jpg,2020-05-11,maio,1,0,0,0,0,0,0
IMG-20200511-WA0316.jpg,2020-05-11,maio,0,0,0,0,0,0,0
IMG-20200512-WA0379.jpg,2020-05-12,maio,0,0,0,0,0,0,0
IMG-20200512-WA0884.jpg,2020-05-12,maio,1,0,0,0,0,0,0
IMG-20200513-WA0045.jpg,2020-05-13,maio,0,0,0,0,0,0,1
IMG-20200513-WA0296.jpg,2020-05-13,maio,0,0,0,0,0,1,0
IMG-20200514-WA0021.jpg,2020-05-14,maio,0,0,0,0,0,0,0
IMG-20200514-WA0079.jpg,2020-05-14,maio,0,0,0,0,0,0,0
IMG-20200515-WA0034.jpg,2020-05-15,maio,0,0,1,0,0,0,0
IMG-20200517-WA0020.jpg,2020-05-17,maio,1,0,0,0,0,0,0
IMG-20200518-WA0027.jpg,2020-05-18,maio,1,0,0,0,0,0,0
IMG-20200519-WA0040.jpg,2020-05-19,maio,0,0,0,0,0,1,0
IMG-20200519-WA0230.jpg,2020-05-19,maio,0,0,0,0,0,0,0
IMG-20200519-WA0244.jpg,2020-05-19,maio,0,0,0,0,0,0,0
IMG-20200520-WA0140.jpg,2020-05-20,maio,1,0,0,0,0,0,0
IMG-20200521-WA0065.jpg,2020-05-21,maio,1,1,0,0,0,0,0
IMG-20200521-WA0072.jpg,2020-05-21,maio,1,1,0,0,0,0,0
IMG-20200521-WA0105.jpg,2020-05-21,maio,0,0,0,0,0,0,0
IMG-20200521-WA0185.jpg,2020-05-21,maio,1,0,0,0,0,0,0
IMG-20200521-WA0284.jpg,2020-05-21,maio,0,0,0,0,0,0,1
IMG-20200522-WA0043.jpg,2020-05-22,maio,0,0,0,0,0,0,0
IMG-20200522-WA0045.jpg,2020-05-22,maio,0,0,1,1,0,0,0
IMG-20200522-WA0065.jpg,2020-05-22,maio,0,0,0,0,0,0,0
IMG-20200523-WA0108.jpg,2020-05-23,maio,0,0,0,0,0,0,0
IMG-20200524-WA0038.jpg,2020-05-24,maio,1,0,1,0,0,0,0
IMG-20200524-WA0041.jpg,2020-05-24,maio,0,0,0,0,0,0,0
IMG-20200527-WA0040.jpg,2020-05-27,maio,1,0,0,0,0,0,0
IMG-20200527-WA0046.jpg,2020-05-27,maio,1,0,0,0,0,0,0
IMG-20200527-WA0053.jpg,2020-05-27,maio,1,0,0,0,0,0,0
IMG-20200527-WA0062.jpg,2020-05-27,maio,1,0,0,0,0,0,0
IMG-20200527-WA0063.jpg,2020-05-27,maio,1,0,0,0,0,0,0
IMG-20200527-WA0066.jpg,2020-05-27,maio,0,0,0,0,0,0,0
IMG-20200527-WA0234.jpg,2020-05-27,maio,0,0,0,0,0,1,0
IMG-20200528-WA0046.jpg,2020-05-28,maio,0,0,0,0,0,0,0
IMG-20200529-WA0022.jpg,2020-05-29,maio,1,0,0,0,0,0,0
IMG-20200529-WA0209.jpg,2020-05-29,maio,1,0,0,0,0,1,0
IMG-20200530-WA0087.jpg,2020-05-30,maio,0,0,0,0,0,0,0
IMG-20200530-WA0088.jpg,2020-05-30,maio,0,0,1,0,0,0,0
IMG-20200601-WA0000.jpg,2020-06-01,junho,1,0,0,0,0,0,0
IMG-20200601-WA0030.jpg,2020-06-01,junho,1,0,0,0,0,0,0
IMG-20200601-WA0109.jpg,2020-06-01,junho,0,0,0,0,0,1,0
IMG-20200602-WA0229.jpg,2020-06-02,junho,1,0,0,0,0,0,0
IMG-20200604-WA0038.jpg,2020-06-04,junho,0,1,0,0,0,0,0
IMG-20200604-WA0197.jpg,2020-06-04,junho,1,0,0,0,0,0,1
IMG-20200604-WA0198.jpg,2020-06-04,junho,0,0,0,0,0,0,0
IMG-20200605-WA0036.jpg,2020-06-05,junho,1,0,0,0,0,0,0
IMG-20200605-WA0039.jpg,2020-06-05,junho,0,0,0,0,0,0,0
IMG-20200605-WA0040.jpg,2020-06-05,junho,1,0,1,0,0,0,0
IMG-20200606-WA0026.jpg,2020-06-06,junho,1,0,0,0,0,0,0
IMG-20200606-WA0028.jpg,2020-06-06,junho,0,0,0,0,0,0,0
IMG-20200606-WA0030.jpg,2020-06-06,junho,0,0,0,0,0,0,0
IMG-20200606-WA0143.jpg,2020-06-06,junho,1,0,0,0,0,0,0
IMG-20200607-WA0020.jpg,2020-06-07,junho,0,0,0,0,0,0,0
IMG-20200608-WA0009.jpg,2020-06-08,junho,1,0,1,0,0,0,0
IMG-20200608-WA0012.jpg,2020-06-08,junho,0,0,0,0,0,0,0
IMG-20200608-WA0014.jpg,2020-06-08,junho,1,0,0,0,0,0,0
IMG-20200608-WA0025.jpg,2020-06-08,junho,1,1,0,0,0,0,0
IMG-20200608-WA0026.jpg,2020-06-08,junho,0,0,0,0,0,0,0
IMG-20200608-WA0088.jpg,2020-06-08,junho,0,0,0,0,0,0,0
IMG-20200609-WA0181.jpg,2020-06-09,junho,0,0,1,0,0,0,0
IMG-20200612-WA0000.jpg,2020-06-12,junho,0,0,0,0,0,0,0
IMG-20200612-WA0001.jpg,2020-06-12,junho,0,1,0,0,0,0,0
IMG-20200612-WA0008.jpg,2020-06-12,junho,1,0,0,0,0,0,0
IMG-20200613-WA0066.jpg,2020-06-13,junho,0,0,0,0,0,1,0
IMG-20200614-WA0113.jpg,2020-06-14,junho,0,0,0,0,0,0,0
IMG-20200615-WA0016.jpg,2020-06-15,junho,0,0,0,0,0,0,1
IMG-20200616-WA0016.jpg,2020-06-16,junho,1,0,0,0,0,0,1
IMG-20200617-WA0060.jpg,2020-06-17,junho,0,1,0,0,0,0,0
IMG-20200618-WA0018.jpg,2020-06-18,junho,0,0,0,0,0,0,0
IMG-20200618-WA0033.jpg,2020-06-18,junho,1,0,0,0,0,0,0
IMG-20200619-WA0016.jpg,2020-06-19,junho,1,0,0,0,0,0,0
IMG-20200619-WA0036.jpg,2020-06-19,junho,0,0,0,0,0,0,0
IMG-20200620-WA0011.jpg,2020-06-20,junho,0,0,1,0,0,0,0
IMG-20200621-WA0012.jpg,2020-06-21,junho,0,0,0,0,0,0,0
IMG-20200621-WA0034.jpg,2020-06-21,junho,0,0,0,0,0,0,0
IMG-20200623-WA0030.jpg,2020-06-23,junho,0,0,0,0,0,1,0
IMG-20200623-WA0196.jpg,2020-06-23,junho,1,0,0,0,0,0,0
IMG-20200624-WA0023.jpg,2020-06-24,junho,0,0,0,0,0,0,0
IMG-20200624-WA0030.jpg,2020-06-24,junho,0,0,0,0,0,0,0
IMG-20200625-WA0077.jpg,2020-06-25,junho,0,1,0,0,0,0,0
IMG-20200625-WA0123.jpg,2020-06-25,junho,1,0,0,0,0,0,0
IMG-20200625-WA0125.jpg,2020-06-25,junho,1,0,0,0,0,0,0
IMG-20200626-WA0033.jpg,2020-06-26,junho,1,0,0,0,0,0,0
IMG-20200626-WA0127.jpg,2020-06-26,junho,1,0,0,0,0,0,1
IMG-20200626-WA0150.jpg,2020-06-26,junho,0,0,0,0,0,0,0
IMG-20200626-WA0152.jpg,2020-06-26,junho,0,1,0,0,0,0,0
IMG-20200626-WA0161.jpg,2020-06-26,junho,1,0,0,0,0,0,0
IMG-20200626-WA0170.jpg,2020-06-26,junho,1,0,0,0,0,0,0
IMG-20200627-WA0107.jpg,2020-06-27,junho,0,0,0,0,0,0,0
IMG-20200627-WA0113.jpg,2020-06-27,junho,1,0,0,0,0,0,0
IMG-20200627-WA0151.jpg,2020-06-27,junho,0,0,0,0,0,0,0
IMG-20200630-WA0025.jpg,2020-06-30,junho,0,0,0,0,0,0,0
IMG-20200630-WA0077.jpg,2020-06-30,junho,0,0,1,0,0,0,0
IMG-20200701-WA0111.jpg,2020-07-01,julho,0,0,0,0,0,1,0
IMG-20200701-WA0137.jpg,2020-07-01,julho,1,0,0,0,0,0,0
IMG-20200702-WA0062.jpg,2020-07-02,julho,0,0,0,0,0,1,0
IMG-20200702-WA0082.jpg,2020-07-02,julho,0,0,0,0,0,0,0
IMG-20200703-WA0090.jpg,2020-07-03,julho,0,1,0,0,0,0,0
IMG-20200703-WA0096.jpg,2020-07-03,julho,0,0,0,0,0,0,0
IMG-20200703-WA0246.jpg,2020-07-03,julho,1,1,0,0,0,0,0
IMG-20200703-WA0313.jpg,2020-07-03,julho,1,1,0,0,0,0,0
IMG-20200704-WA0022.jpg,2020-07-04,julho,0,0,0,0,0,0,0
IMG-20200704-WA0048.jpg,2020-07-04,julho,1,0,0,0,0,1,0
IMG-20200705-WA0082.jpg,2020-07-05,julho,1,0,0,0,0,0,1
IMG-20200705-WA0202.jpg,2020-07-05,julho,1,0,0,0,0,1,0
IMG-20200706-WA0040.jpg,2020-07-06,julho,0,1,0,0,0,0,0
IMG-20200706-WA0041.jpg,2020-07-06,julho,1,0,0,0,0,1,0
IMG-20200706-WA0043.jpg,2020-07-06,julho,1,1,0,0,0,0,0
IMG-20200706-WA0085.jpg,2020-07-06,julho,0,1,0,0,0,0,0
IMG-20200707-WA0026.jpg,2020-07-07,julho,1,0,0,0,0,0,0
IMG-20200707-WA0070.jpg,2020-07-07,julho,0,0,0,0,0,0,0
IMG-20200708-WA0020.jpg,2020-07-08,julho,0,0,0,0,0,0,0
IMG-20200709-WA0018.jpg,2020-07-09,julho,1,0,0,0,0,1,0
IMG-20200710-WA0012.jpg,2020-07-10,julho,1,1,0,0,0,0,0
IMG-20200710-WA0013.jpg,2020-07-10,julho,0,0,0,0,0,0,0
IMG-20200710-WA0044.jpg,2020-07-10,julho,1,0,1,0,0,0,1
IMG-20200711-WA0082.jpg,2020-07-11,julho,1,0,0,0,0,0,1
IMG-20200711-WA0085.jpg,2020-07-11,julho,0,0,1,0,0,0,1
IMG-20200711-WA0100.jpg,2020-07-11,julho,0,0,1,0,0,1,0
IMG-20200711-WA0103.jpg,2020-07-11,julho,1,0,0,0,0,0,0
IMG-20200712-WA0042.jpg,2020-07-12,julho,0,1,0,0,0,0,0
IMG-20200712-WA0067.jpg,2020-07-12,julho,0,0,0,0,0,0,0
IMG-20200713-WA0040.jpg,2020-07-13,julho,0,0,0,0,0,0,1
IMG-20200713-WA0043.jpg,2020-07-13,julho,1,0,0,0,0,0,0
IMG-20200715-WA0216.jpg,2020-07-15,julho,0,1,1,0,0,0,0
IMG-20200715-WA0217.jpg,2020-07-15,julho,1,0,0,0,0,0,0
IMG-20200716-WA0023.jpg,2020-07-16,julho,0,0,1,0,0,0,0
IMG-20200717-WA0020.jpg,2020-07-17,julho,1,0,0,0,0,0,0
IMG-20200717-WA0021.jpg,2020-07-17,julho,0,0,0,0,0,1,0
IMG-20200718-WA0018.jpg,2020-07-18,julho,1,0,0,0,0,0,0
IMG-20200719-WA0020.jpg,2020-07-19,julho,1,0,0,0,0,0,0
IMG-20200719-WA0024.jpg,2020-07-19,julho,1,0,0,0,0,0,0
IMG-20200719-WA0044.jpg,2020-07-19,julho,0,0,0,0,0,0,1
IMG-20200720-WA0035.jpg,2020-07-20,julho,1,0,0,0,0,0,0
IMG-20200721-WA0040.jpg,2020-07-21,julho,0,0,1,0,0,0,0
IMG-20200721-WA0041.jpg,2020-07-21,julho,1,0,0,0,0,0,1
IMG-20200721-WA0042.jpg,2020-07-21,julho,0,1,0,0,0,1,0
IMG-20200721-WA0054.jpg,2020-07-21,julho,1,0,0,0,0,0,0
IMG-20200721-WA0057.jpg,2020-07-21,julho,1,0,0,0,0,0,0
IMG-20200721-WA0180.jpg,2020-07-21,julho,0,0,0,0,0,0,0
IMG-20200722-WA0010.jpg,2020-07-22,julho,0,0,0,0,0,0,0
IMG-20200722-WA0016.jpg,2020-07-22,julho,1,1,0,0,0,0,0
IMG-20200722-WA0021.jpg,2020-07-22,julho,1,0,1,0,0,1,0
IMG-20200722-WA0039.jpg,2020-07-22,julho,1,1,0,0,0,0,0
IMG-20200722-WA0050.jpg,2020-07-22,julho,1,0,0,0,0,0,0
IMG-20200722-WA0051.jpg,2020-07-22,julho,0,0,0,0,0,0,0
IMG-20200722-WA0052.jpg,2020-07-22,julho,1,0,0,0,0,0,0
IMG-20200723-WA0023.jpg,2020-07-23,julho,1,0,0,0,0,0,1
IMG-20200723-WA0054.jpg,2020-07-23,julho,1,0,0,0,0,0,0
IMG-20200724-WA0023.jpg,2020-07-24,julho,0,0,0,0,0,0,0
IMG-20200724-WA0037.jpg,2020-07-24,julho,1,1,0,0,0,0,0
IMG-20200724-WA0038.jpg,2020-07-24,julho,0,0,0,0,0,0,0
IMG-20200725-WA0014.jpg,2020-07-25,julho,1,0,0,0,0,0,0
IMG-20200725-WA0027.jpg,2020-07-25,julho,0,0,0,0,0,0,0
IMG-20200725-WA0036.jpg,2020-07-25,julho,1,1,0,0,0,0,0
IMG-20200725-WA0069.jpg,2020-07-25,julho,1,1,0,0,0,0,0
IMG-20200726-WA0001.jpg,2020-07-26,julho,1,0,0,0,0,0,0
IMG-20200726-WA0086.jpg,2020-07-26,julho,1,0,0,0,1,0,0
IMG-20200726-WA0107.jpg,2020-07-26,julho,0,1,0,0,0,0,0
IMG-20200727-WA0010.jpg,2020-07-27,julho,0,1,0,0,1,0,0
IMG-20200728-WA0022.jpg,2020-07-28,julho,0,0,0,0,0,0,0
IMG-20200728-WA0026.jpg,2020-07-28,julho,0,1,0,0,0,0,0
IMG-20200728-WA0038.jpg,2020-07-28,julho,1,0,0,0,0,0,0
IMG-20200728-WA0116.jpg,2020-07-28,julho,1,0,0,0,0,0,0
IMG-20200729-WA0033.jpg,2020-07-29,julho,0,1,0,0,0,0,0
IMG-20200729-WA0100.jpg,2020-07-29,julho,1,0,0,0,0,0,0
IMG-20200729-WA0141.jpg,2020-07-29,julho,0,0,0,0,0,1,0
IMG-20200730-WA0008.jpg,2020-07-30,julho,1,0,0,0,0,0,0
IMG-20200730-WA0014.jpg,2020-07-30,julho,0,0,0,0,0,0,0
IMG-20200730-WA0019.jpg,2020-07-30,julho,0,1,1,0,0,0,0
IMG-20200730-WA0020.jpg,2020-07-30,julho,0,1,1,0,0,0,0
IMG-20200730-WA0074.jpg,2020-07-30,julho,1,0,0,0,0,0,0
IMG-20200731-WA0035.jpg,2020-07-31,julho,1,0,0,1,0,0,0
IMG-20200731-WA0040.jpg,2020-07-31,julho,1,1,0,0,0,0,0
IMG-20200731-WA0055.jpg,2020-07-31,julho,1,0,0,0,0,0,0
IMG-20200731-WA0186.jpg,2020-07-31,julho,1,0,0,0,0,0,0
IMG-20200801-WA0002.jpg,2020-08-01,agosto,1,0,0,0,0,0,0
IMG-20200801-WA0057.jpg,2020-08-01,agosto,0,0,1,0,1,0,0
IMG-20200801-WA0063.jpg,2020-08-01,agosto,1,0,0,0,0,0,0
IMG-20200801-WA0066.jpg,2020-08-01,agosto,0,0,0,0,0,0,0
IMG-20200802-WA0018.jpg,2020-08-02,agosto,1,0,0,0,0,0,0
IMG-20200802-WA0025.jpg,2020-08-02,agosto,1,0,0,0,0,0,0
IMG-20200802-WA0070.jpg,2020-08-02,agosto,1,1,0,0,0,0,0
IMG-20200802-WA0071.jpg,2020-08-02,agosto,0,0,0,0,0,0,0
IMG-20200802-WA0072.jpg,2020-08-02,agosto,1,0,0,0,0,0,0
IMG-20200802-WA0113.jpg,2020-08-02,agosto,0,0,0,0,0,0,0
IMG-20200803-WA0108.jpg,2020-08-03,agosto,0,0,0,0,0,0,0
IMG-20200803-WA0217.jpg,2020-08-03,agosto,1,0,0,0,0,0,0
IMG-20200804-WA0106.jpg,2020-08-04,agosto,1,1,0,1,0,0,0
IMG-20200805-WA0054.jpg,2020-08-05,agosto,1,1,0,0,1,0,0
IMG-20200805-WA0165.jpg,2020-08-05,agosto,1,0,0,0,0,0,0
IMG-20200805-WA0219.jpg,2020-08-05,agosto,1,0,0,0,0,0,0
IMG-20200806-WA0022.jpg,2020-08-06,agosto,1,0,0,0,0,0,0
IMG-20200806-WA0035.jpg,2020-08-06,agosto,0,0,0,0,0,0,0
IMG-20200806-WA0213.jpg,2020-08-06,agosto,0,0,0,0,0,0,0
IMG-20200807-WA0016.jpg,2020-08-07,agosto,1,0,0,0,0,0,0
IMG-20200807-WA0101.jpg,2020-08-07,agosto,1,0,0,0,0,0,0
IMG-20200809-WA0027.jpg,2020-08-09,agosto,0,0,0,0,0,0,1
IMG-20200809-WA0055.jpg,2020-08-09,agosto,0,0,0,0,0,0,0
IMG-20200809-WA0058.jpg,2020-08-09,agosto,0,0,0,0,0,0,1
IMG-20200809-WA0059.jpg,2020-08-09,agosto,1,0,0,0,0,0,0
IMG-20200810-WA0020.jpg,2020-08-10,agosto,1,0,0,0,0,0,0
IMG-20200810-WA0031.jpg,2020-08-10,agosto,1,0,0,0,0,0,0
IMG-20200810-WA0040.jpg,2020-08-10,agosto,0,0,0,0,0,0,0
IMG-20200811-WA0019.jpg,2020-08-11,agosto,1,0,0,0,0,0,0
IMG-20200811-WA0031.jpg,2020-08-11,agosto,1,0,0,0,0,0,0
IMG-20200812-WA0066.jpg,2020-08-12,agosto,0,0,1,0,0,0,0
IMG-20200813-WA0010.jpg,2020-08-13,agosto,0,0,0,0,0,0,0
IMG-20200813-WA0012.jpg,2020-08-13,agosto,0,0,0,0,0,1,0
IMG-20200813-WA0097.jpg,2020-08-13,agosto,0,0,0,0,0,0,0
IMG-20200813-WA0098.jpg,2020-08-13,agosto,0,0,0,0,0,0,0
IMG-20200814-WA0049.jpg,2020-08-14,agosto,1,0,0,0,0,0,0
IMG-20200814-WA0050.jpg,2020-08-14,agosto,1,0,0,0,0,0,0
IMG-20200814-WA0062.jpg,2020-08-14,agosto,0,0,0,0,0,1,0
IMG-20200814-WA0082.jpg,2020-08-14,agosto,1,0,0,0,0,0,0
IMG-20200815-WA0020.jpg,2020-08-15,agosto,1,0,0,0,0,0,0
IMG-20200815-WA0026.jpg,2020-08-15,agosto,0,0,0,0,0,0,0
IMG-20200815-WA0027.jpg,2020-08-15,agosto,0,0,1,0,0,0,0
IMG-20200815-WA0061.jpg,2020-08-15,agosto,0,0,0,0,0,0,0
IMG-20200815-WA0064.jpg,2020-08-15,agosto,1,0,0,0,0,0,0
IMG-20200816-WA0028.jpg,2020-08-16,agosto,1,0,0,0,0,0,0
IMG-20200816-WA0035.jpg,2020-08-16,agosto,0,0,0,0,0,0,0
IMG-20200816-WA0092.jpg,2020-08-16,agosto,0,0,0,0,0,0,1
IMG-20200816-WA0096.jpg,2020-08-16,agosto,0,0,0,0,0,0,0
IMG-20200816-WA0099.jpg,2020-08-16,agosto,0,0,0,0,0,0,0
IMG-20200816-WA0101.jpg,2020-08-16,agosto,1,0,0,0,0,0,1
IMG-20200816-WA0201.jpg,2020-08-16,agosto,1,0,0,0,0,0,0
IMG-20200817-WA0029.jpg,2020-08-17,agosto,1,0,0,0,0,0,0
IMG-20200817-WA0057.jpg,2020-08-17,agosto,1,0,0,0,0,0,0
IMG-20200817-WA0060.jpg,2020-08-17,agosto,1,0,0,0,0,0,0
IMG-20200818-WA0160.jpg,2020-08-18,agosto,0,0,0,0,0,1,0
IMG-20200819-WA0056.jpg,2020-08-19,agosto,1,0,0,0,0,0,0
IMG-20200820-WA0010.jpg,2020-08-20,agosto,0,0,1,0,0,0,0
IMG-20200821-WA0048.jpg,2020-08-21,agosto,1,0,0,0,0,0,0
IMG-20200821-WA0061.jpg,2020-08-21,agosto,0,0,0,0,1,0,0
IMG-20200821-WA0103.jpg,2020-08-21,agosto,1,0,0,0,0,0,1
IMG-20200823-WA0009.jpg,2020-08-23,agosto,0,0,0,0,0,0,0
IMG-20200823-WA0015.jpg,2020-08-23,agosto,1,1,0,0,0,0,0
IMG-20200823-WA0029.jpg,2020-08-23,agosto,0,0,0,0,0,0,0
IMG-20200823-WA0033.jpg,2020-08-23,agosto,1,0,0,0,0,1,0
IMG-20200825-WA0009.jpg,2020-08-25,agosto,0,0,0,0,0,0,0
IMG-20200826-WA0048.jpg,2020-08-26,agosto,0,1,0,0,0,0,0
IMG-20200826-WA0054.jpg,2020-08-26,agosto,0,0,1,0,1,0,0
IMG-20200826-WA0093.jpg,2020-08-26,agosto,1,0,0,0,0,0,0
IMG-20200827-WA0033.jpg,2020-08-27,agosto,1,0,0,0,0,0,0
IMG-20200827-WA0048.jpg,2020-08-27,agosto,0,0,0,0,0,0,0
IMG-20200828-WA0010.jpg,2020-08-28,agosto,1,0,0,0,0,0,0
IMG-20200829-WA0027.jpg,2020-08-29,agosto,0,0,1,0,0,0,0
IMG-20200829-WA0040.jpg,2020-08-29,agosto,0,0,0,0,0,0,0
IMG-20200829-WA0044.jpg,2020-08-29,agosto,1,0,0,0,0,1,0
IMG-20200829-WA0052.jpg,2020-08-29,agosto,1,0,0,0,0,0,0
IMG-20200830-WA0019.jpg,2020-08-30,agosto,0,1,0,0,0,0,0
IMG-20200830-WA0027.jpg,2020-08-30,agosto,1,0,0,0,0,0,0
IMG-20200831-WA0002.jpg,2020-08-31,agosto,1,0,0,0,0,0,0
IMG-20200831-WA0038.jpg,2020-08-31,agosto,0,0,0,0,0,0,0
IMG-20200831-WA0039.jpg,2020-08-31,agosto,0,0,0,0,0,0,0
IMG-20200831-WA0061.jpg,2020-08-31,agosto,1,0,0,0,0,1,0
IMG-20200901-WA0005.jpg,2020-09-01,setembro,0,0,0,0,0,0,0
IMG-20200901-WA0011.jpg,2020-09-01,setembro,1,0,0,0,0,0,0
IMG-20200901-WA0016.jpg,2020-09-01,setembro,1,0,0,0,0,0,0
IMG-20200901-WA0020.jpg,2020-09-01,setembro,1,0,0,0,0,0,0
IMG-20200901-WA0034.jpg,2020-09-01,setembro,0,0,0,0,0,0,0
IMG-20200901-WA0059.jpg,2020-09-01,setembro,0,0,0,0,0,0,0
IMG-20200901-WA0061.jpg,2020-09-01,setembro,1,0,0,0,0,0,0
IMG-20200901-WA0081.jpg,2020-09-01,setembro,1,0,0,0,0,0,0
IMG-20200901-WA0214.jpg,2020-09-01,setembro,0,0,0,0,0,0,0
IMG-20200902-WA0009.jpg,2020-09-02,setembro,0,0,0,0,0,0,0
IMG-20200902-WA0013.jpg,2020-09-02,setembro,1,0,0,1,0,0,0
IMG-20200902-WA0014.jpg,2020-09-02,setembro,0,0,0,0,1,0,0
IMG-20200902-WA0025.jpg,2020-09-02,setembro,0,0,0,0,0,0,0
IMG-20200902-WA0033.jpg,2020-09-02,setembro,0,1,0,0,0,1,0
IMG-20200902-WA0275.jpg,2020-09-02,setembro,1,1,0,0,0,0,0
IMG-20200903-WA0009.jpg,2020-09-03,setembro,0,0,1,0,0,0,0
IMG-20200903-WA0013.jpg,2020-09-03,setembro,0,0,0,0,0,0,0
IMG-20200903-WA0035.jpg,2020-09-03,setembro,0,1,1,0,0,0,0
IMG-20200904-WA0004.jpg,2020-09-04,setembro,0,0,0,0,1,0,0
IMG-20200904-WA0102.jpg,2020-09-04,setembro,1,0,0,0,1,0,0
IMG-20200904-WA0103.jpg,2020-09-04,setembro,1,0,0,0,0,1,0
IMG-20200904-WA0112.jpg,2020-09-04,setembro,0,1,0,0,1,0,0
IMG-20200905-WA0130.jpg,2020-09-05,setembro,0,0,0,0,0,0,0
IMG-20200906-WA0019.jpg,2020-09-06,setembro,0,0,0,0,0,0,0
IMG-20200906-WA0081.jpg,2020-09-06,setembro,1,0,0,0,0,0,0
IMG-20200906-WA0176.jpg,2020-09-06,setembro,0,0,0,0,0,0,0
IMG-20200907-WA0011.jpg,2020-09-07,setembro,0,0,0,0,0,1,0
IMG-20200907-WA0012.jpg,2020-09-07,setembro,1,0,0,0,0,1,0
IMG-20200907-WA0024.jpg,2020-09-07,setembro,0,0,0,0,0,0,0
IMG-20200907-WA0072.jpg,2020-09-07,setembro,1,0,0,0,0,0,0
IMG-20200907-WA0073.jpg,2020-09-07,setembro,0,0,0,0,0,0,0
IMG-20200909-WA0032.jpg,2020-09-09,setembro,1,0,0,0,1,0,0
IMG-20200910-WA0011.jpg,2020-09-10,setembro,1,0,0,0,0,0,0
IMG-20200910-WA0042.jpg,2020-09-10,setembro,1,0,0,0,0,0,0
IMG-20200910-WA0055.jpg,2020-09-10,setembro,1,0,0,0,0,0,0
IMG-20200911-WA0019.jpg,2020-09-11,setembro,0,0,0,0,0,0,1
IMG-20200912-WA0171.jpg,2020-09-12,setembro,0,0,0,0,0,0,1
IMG-20200913-WA0069.jpg,2020-09-13,setembro,1,0,0,0,0,0,0
IMG-20200913-WA0070.jpg,2020-09-13,setembro,0,0,1,0,0,0,0
IMG-20200913-WA0107.jpg,2020-09-13,setembro,1,0,0,0,0,0,0
IMG-20200915-WA0020.jpg,2020-09-15,setembro,1,0,0,0,0,0,0
IMG-20200915-WA0033.jpg,2020-09-15,setembro,1,0,0,0,1,1,0
IMG-20200916-WA0048.jpg,2020-09-16,setembro,0,0,0,0,0,0,0
IMG-20200916-WA0188.jpg,2020-09-16,setembro,0,0,0,0,1,0,0
IMG-20200916-WA0242.jpg,2020-09-16,setembro,1,0,0,0,0,0,0
IMG-20200917-WA0008.jpg,2020-09-17,setembro,0,0,0,0,0,0,0
IMG-20200917-WA0034.jpg,2020-09-17,setembro,0,0,0,0,0,1,0
IMG-20200918-WA0027.jpg,2020-09-18,setembro,0,0,1,0,0,0,0
IMG-20200918-WA0028.jpg,2020-09-18,setembro,0,0,0,0,0,0,0
IMG-20200919-WA0072.jpg,2020-09-19,setembro,1,0,0,0,0,0,0
IMG-20200920-WA0057.jpg,2020-09-20,setembro,0,0,0,0,0,0,0
IMG-20200921-WA0029.jpg,2020-09-21,setembro,0,0,0,0,0,0,0
IMG-20200921-WA0036.jpg,2020-09-21,setembro,0,0,0,0,0,0,0
IMG-20200922-WA0000.jpg,2020-09-22,setembro,0,0,0,0,0,0,0
IMG-20200922-WA0013.jpg,2020-09-22,setembro,1,0,0,0,0,0,0
IMG-20200922-WA0019.jpg,2020-09-22,setembro,1,1,0,0,0,0,0
IMG-20200922-WA0051.jpg,2020-09-22,setembro,0,0,0,0,0,0,0
IMG-20200922-WA0052.jpg,2020-09-22,setembro,0,1,0,0,0,0,0
IMG-20200922-WA0053.jpg,2020-09-22,setembro,0,1,0,0,0,0,0
IMG-20200922-WA0056.jpg,2020-09-22,setembro,1,1,0,0,0,0,0
IMG-20200922-WA0240.jpg,2020-09-22,setembro,1,0,0,0,0,0,0
IMG-20200924-WA0153.jpg,2020-09-24,setembro,1,0,0,0,0,0,0
IMG-20200924-WA0157.jpg,2020-09-24,setembro,0,0,0,0,0,0,0
IMG-20200924-WA0158.jpg,2020-09-24,setembro,0,0,0,0,0,0,0
IMG-20200924-WA0160.jpg,2020-09-24,setembro,0,0,0,0,0,1,0
IMG-20200925-WA0015.jpg,2020-09-25,setembro,0,0,0,0,0,1,0
IMG-20200925-WA0036.jpg,2020-09-25,setembro,0,0,0,0,0,0,0
IMG-20200925-WA0231.jpg,2020-09-25,setembro,0,0,0,0,0,0,0
IMG-20200926-WA0014.jpg,2020-09-26,setembro,0,0,0,0,0,1,0
IMG-20200926-WA0021.jpg,2020-09-26,setembro,0,0,0,0,0,0,0
IMG-20200926-WA0039.jpg,2020-09-26,setembro,1,0,0,0,0,0,1
IMG-20200926-WA0055.jpg,2020-09-26,setembro,0,0,1,1,0,0,0
IMG-20200927-WA0064.jpg,2020-09-27,setembro,0,0,0,0,0,1,0
IMG-20200927-WA0067.jpg,2020-09-27,setembro,1,0,0,0,0,0,0
IMG-20200927-WA0069.jpg,2020-09-27,setembro,1,0,0,0,0,0,0
IMG-20200928-WA0023.jpg,2020-09-28,setembro,1,0,0,0,0,0,0
IMG-20200928-WA0076.jpg,2020-09-28,setembro,0,0,0,0,0,0,0
IMG-20200930-WA0057.jpg,2020-09-30,setembro,1,0,0,0,0,0,0
IMG-20201001-WA0044.jpg,2020-10-01,outubro,1,0,0,0,0,0,0
IMG-20201001-WA0062.jpg,2020-10-01,outubro,1,0,0,0,0,0,0
IMG-20201001-WA0064.jpg,2020-10-01,outubro,0,1,0,0,0,0,0
IMG-20201001-WA0118.jpg,2020-10-01,outubro,1,0,0,0,0,0,0
IMG-20201002-WA0099.jpg,2020-10-02,outubro,0,0,0,0,0,0,1
IMG-20201002-WA0102.jpg,2020-10-02,outubro,0,1,0,0,0,0,0
IMG-20201002-WA0114.jpg,2020-10-02,outubro,0,0,0,0,0,1,0
IMG-20201002-WA0121.jpg,2020-10-02,outubro,0,1,0,0,0,0,0
IMG-20201002-WA0143.jpg,2020-10-02,outubro,0,1,0,0,0,0,0
IMG-20201003-WA0023.jpg,2020-10-03,outubro,1,0,0,0,0,0,0
IMG-20201003-WA0060.jpg,2020-10-03,outubro,0,0,1,0,1,0,0
IMG-20201003-WA0066.jpg,2020-10-03,outubro,1,0,0,0,0,0,0
IMG-20201003-WA0080.jpg,2020-10-03,outubro,0,0,0,0,0,0,0
IMG-20201004-WA0091.jpg,2020-10-04,outubro,0,0,0,0,0,0,0
IMG-20201004-WA0113.jpg,2020-10-04,outubro,1,1,0,0,0,1,0
IMG-20201004-WA0247.jpg,2020-10-04,outubro,0,0,0,0,0,0,0
IMG-20201004-WA0260.jpg,2020-10-04,outubro,1,0,0,0,0,0,0
IMG-20201005-WA0027.jpg,2020-10-05,outubro,1,1,0,0,0,0,0
IMG-20201005-WA0037.jpg,2020-10-05,outubro,0,0,0,0,0,0,0
IMG-20201005-WA0051.jpg,2020-10-05,outubro,0,0,0,0,0,0,0
IMG-20201005-WA0233.jpg,2020-10-05,outubro,1,0,0,0,0,0,0
IMG-20201006-WA0012.jpg,2020-10-06,outubro,0,0,0,0,0,0,0
IMG-20201006-WA0251.jpg,2020-10-06,outubro,0,0,0,0,0,0,0
IMG-20201007-WA0015.jpg,2020-10-07,outubro,0,0,0,0,0,0,0
IMG-20201007-WA0018.jpg,2020-10-07,outubro,1,0,0,0,0,0,0
IMG-20201007-WA0059.jpg,2020-10-07,outubro,0,0,0,0,0,0,0
IMG-20201007-WA0556.jpg,2020-10-07,outubro,1,0,0,0,0,0,0
IMG-20201008-WA0086.jpg,2020-10-08,outubro,0,0,0,0,0,0,0
IMG-20201009-WA0111.jpg,2020-10-09,outubro,0,0,1,0,0,0,0
IMG-20201009-WA0160.jpg,2020-10-09,outubro,0,1,0,0,0,0,0
IMG-20201009-WA0178.jpg,2020-10-09,outubro,0,0,0,0,0,1,0
IMG-20201009-WA0545.jpg,2020-10-09,outubro,0,0,0,0,0,0,0
IMG-20201010-WA0018.jpg,2020-10-10,outubro,1,0,0,0,0,0,0
IMG-20201010-WA0034.jpg,2020-10-10,outubro,0,0,1,0,0,0,0
IMG-20201011-WA0041.jpg,2020-10-11,outubro,0,0,0,0,0,0,0
IMG-20201011-WA0043.jpg,2020-10-11,outubro,0,0,0,0,0,0,0
IMG-20201011-WA0118.jpg,2020-10-11,outubro,0,0,0,0,0,0,0
IMG-20201012-WA0162.jpg,2020-10-12,outubro,0,0,0,0,0,0,0
IMG-20201012-WA0184.jpg,2020-10-12,outubro,1,0,0,0,0,0,0
IMG-20201012-WA0201.jpg,2020-10-12,outubro,0,0,0,0,0,0,0
IMG-20201014-WA0279.jpg,2020-10-14,outubro,0,0,0,0,0,0,0
IMG-20201014-WA0330.jpg,2020-10-14,outubro,1,0,0,0,0,0,0
IMG-20201014-WA0657.jpg,2020-10-14,outubro,0,0,0,0,0,1,0
IMG-20201015-WA0309.jpg,2020-10-15,outubro,0,0,0,0,0,0,0
IMG-20201016-WA0031.jpg,2020-10-16,outubro,1,0,0,0,0,0,0
IMG-20201016-WA0078.jpg,2020-10-16,outubro,1,0,0,0,0,0,0
IMG-20201016-WA0337.jpg,2020-10-16,outubro,0,0,0,0,0,0,0
IMG-20201017-WA0008.jpg,2020-10-17,outubro,1,0,0,0,0,0,0
IMG-20201017-WA0018.jpg,2020-10-17,outubro,0,0,0,0,0,0,0
IMG-20201017-WA0036.jpg,2020-10-17,outubro,1,0,0,0,0,0,0
IMG-20201018-WA0021.jpg,2020-10-18,outubro,0,0,0,0,0,0,0
IMG-20201018-WA0075.jpg,2020-10-18,outubro,0,0,0,0,0,0,0
IMG-20201018-WA0079.jpg,2020-10-18,outubro,1,0,0,0,0,0,0
IMG-20201018-WA0081.jpg,2020-10-18,outubro,0,0,0,0,0,0,0
IMG-20201018-WA0125.jpg,2020-10-18,outubro,0,1,0,0,0,0,0
IMG-20201018-WA0136.jpg,2020-10-18,outubro,0,0,0,0,0,0,0
IMG-20201019-WA0017.jpg,2020-10-19,outubro,0,0,1,0,1,0,0
IMG-20201019-WA0040.jpg,2020-10-19,outubro,1,0,0,0,0,0,0
IMG-20201019-WA0045.jpg,2020-10-19,outubro,0,0,0,0,0,0,0
IMG-20201019-WA0296.jpg,2020-10-19,outubro,1,0,1,0,0,0,0
IMG-20201019-WA0346.jpg,2020-10-19,outubro,0,0,0,0,0,0,0
IMG-20201020-WA0053.jpg,2020-10-20,outubro,0,0,0,0,0,0,0
IMG-20201020-WA0062.jpg,2020-10-20,outubro,0,0,0,0,0,0,0
IMG-20201021-WA0026.jpg,2020-10-21,outubro,1,0,0,0,0,0,0
IMG-20201021-WA0062.jpg,2020-10-21,outubro,1,0,0,0,0,0,0
IMG-20201022-WA0026.jpg,2020-10-22,outubro,0,0,0,0,0,0,0
IMG-20201022-WA0037.jpg,2020-10-22,outubro,1,0,0,0,0,0,0
IMG-20201022-WA0079.jpg,2020-10-22,outubro,1,0,0,0,0,0,0
IMG-20201022-WA0084.jpg,2020-10-22,outubro,1,0,0,0,0,0,0
IMG-20201022-WA0111.jpg,2020-10-22,outubro,1,0,0,0,0,0,0
IMG-20201022-WA0230.jpg,2020-10-22,outubro,1,0,0,0,0,1,0
IMG-20201023-WA0076.jpg,2020-10-23,outubro,1,0,0,0,0,0,0
IMG-20201023-WA0099.jpg,2020-10-23,outubro,0,0,0,0,0,0,0
IMG-20201024-WA0130.jpg,2020-10-24,outubro,0,0,1,0,0,0,0
IMG-20201024-WA0157.jpg,2020-10-24,outubro,0,0,1,0,0,0,0
IMG-20201024-WA0474.jpg,2020-10-24,outubro,0,0,0,0,0,1,0
IMG-20201025-WA0027.jpg,2020-10-25,outubro,1,0,0,0,0,0,1
IMG-20201026-WA0035.jpg,2020-10-26,outubro,1,0,0,0,0,0,0
IMG-20201027-WA0125.jpg,2020-10-27,outubro,0,0,0,0,0,0,0
IMG-20201028-WA0046.jpg,2020-10-28,outubro,0,0,0,0,0,0,0
IMG-20201028-WA0061.jpg,2020-10-28,outubro,0,0,0,0,0,0,0
IMG-20201028-WA0069.jpg,2020-10-28,outubro,0,0,1,1,0,0,0
IMG-20201030-WA0040.jpg,2020-10-30,outubro,1,0,0,0,0,0,0
IMG-20201030-WA0061.jpg,2020-10-30,outubro,1,0,0,0,0,0,1
IMG-20201031-WA0381.jpg,2020-10-31,outubro,0,0,0,0,0,0,0
IMG-20201101-WA0089.jpg,2020-11-01,novembro,0,0,0,0,0,0,0
IMG-20201101-WA0138.jpg,2020-11-01,novembro,0,0,0,0,0,0,0
IMG-20201102-WA0053.jpg,2020-11-02,novembro,0,0,0,0,0,0,0
IMG-20201102-WA0091.jpg,2020-11-02,novembro,1,0,0,0,0,0,0
IMG-20201102-WA0232.jpg,2020-11-02,novembro,0,0,0,0,1,0,0
IMG-20201102-WA0415.jpg,2020-11-02,novembro,0,0,0,0,0,0,0
IMG-20201103-WA0048.jpg,2020-11-03,novembro,1,0,0,0,0,0,0
IMG-20201103-WA0059.jpg,2020-11-03,novembro,1,0,0,0,0,0,0
IMG-20201103-WA0117.jpg,2020-11-03,novembro,0,0,0,0,0,0,0
IMG-20201103-WA0191.jpg,2020-11-03,novembro,1,0,0,0,0,0,0
IMG-20201104-WA0110.jpg,2020-11-04,novembro,0,0,0,0,0,0,0
IMG-20201105-WA0048.jpg,2020-11-05,novembro,1,0,0,0,0,1,0
IMG-20201105-WA0428.jpg,2020-11-05,novembro,1,0,0,0,0,0,0
IMG-20201107-WA0096.jpg,2020-11-07,novembro,0,0,0,0,0,0,0
IMG-20201107-WA0159.jpg,2020-11-07,novembro,0,0,1,0,0,0,0
IMG-20201107-WA0508.jpg,2020-11-07,novembro,0,0,0,0,0,0,0
IMG-20201108-WA0044.jpg,2020-11-08,novembro,0,0,0,0,0,0,0
IMG-20201108-WA0045.jpg,2020-11-08,novembro,0,0,0,0,0,0,0
IMG-20201108-WA0101.jpg,2020-11-08,novembro,0,0,0,0,0,1,0
IMG-20201108-WA0112.jpg,2020-11-08,novembro,0,0,0,0,0,0,0
IMG-20201108-WA0292.jpg,2020-11-08,novembro,0,0,0,0,0,0,0
IMG-20201109-WA0039.jpg,2020-11-09,novembro,1,0,0,0,0,1,0
IMG-20201110-WA0015.jpg,2020-11-10,novembro,1,0,0,0,0,0,0
IMG-20201113-WA0047.jpg,2020-11-13,novembro,0,0,1,0,0,0,0
IMG-20201114-WA0072.jpg,2020-11-14,novembro,0,0,0,0,0,0,0
IMG-20201114-WA0074.jpg,2020-11-14,novembro,0,0,0,0,0,0,0
IMG-20201114-WA0349.jpg,2020-11-14,novembro,0,0,0,0,0,0,0
IMG-20201115-WA0024.jpg,2020-11-15,novembro,1,0,0,0,0,0,1
IMG-20201115-WA0058.jpg,2020-11-15,novembro,1,0,0,0,0,0,0